tap_bus,z_bus,area,zone,circuit,type,R,X,B,Line_Q1,Line_Q2,Line_Q3,control_bus,side,transformer_final_turns_ratio,transformer_final_angle,Min_tap,Max_tap,step_size,Min_volt,Max_volt,M_P_TLPF,M_Q_TLPF,M_P_TLPF_reverse,M_Q_TLPF_reverse,Ri_eP,Ri_eQ,Ri_eP_reverse,Ri_eQ_reverse
1,2,1,1,1,0,0.00156,0.007624,0.003506,0,0,0,0,0,0,0,0,0,0,0,0,0.77699997,0.0054,-0.78260002,-0.0348,1,1,1,1
1,2,1,1,1,0,0.00156,0.007798,0.003786,0,0,0,0,0,0,0,0,0,0,0,0,0.75290001,0,-0.75839996,-0.0348,1,0,1,1
1,6,1,1,1,0,0.001352,0.006342,0.003406,0,0,0,0,0,0,0,0,0,0,0,0,0.90559998,0.1045,-0.91989998,-0.134,1,1,1,1
1,6,1,1,1,0,0.001352,0.00655,0.003406,0,0,0,0,0,0,0,0,0,0,0,0,0.88150002,0.1152,-0.89309998,-0.1474,1,1,1,1
1,25,1,1,1,1,0.001815,0.133422,0,0,0,0,0,0,1.0125,0,0,0,0,0,0,-0.0951,0.0482,0,0,1,1,0,0
1,28,1,1,1,1,0.002193,0.129754,0,0,0,0,0,0,1.0125,0,0,0,0,0,0,-0.0938,0.0616,0,0,1,1,0,0
2,22,1,1,1,1,0.003592,0.113006,0,0,0,0,0,0,1.016304,0,0,0,0,0,0,0.3618,0.0724,0,0,1,1,0,0
3,4,1,1,1,0,0.000554,0.003465,0.00008,0,0,0,0,0,0,0,0,0,0,0,0,0.75059998,0.0046,-0.82919998,-0.0653,1,1,1,1
3,4,1,1,1,0,0.000694,0.003327,0.002548,0,0,0,0,0,0,0,0,0,0,0,0,0.74040001,-0.0023,-0.81879997,-0.067,1,1,1,1
3,8,1,1,1,0,0.0019,0.01176,0.004889,0,0,0,0,0,0,0,0,0,0,0,0,0.53369999,0.0194,-0.53740002,-0.067,1,1,1,1
3,8,1,1,1,0,0.00196,0.01242,0.004889,0,0,0,0,0,0,0,0,0,0,0,0,0.53970001,0.022,-0.54049999,-0.0611,1,1,1,1
3,9,1,1,1,0,0.00204,0.02592,0.017532,0,0,0,0,0,0,0,0,0,0,0,0,-1.00959999,-0.1801,0.99629997,0.078,1,1,1,1
3,16,1,1,1,0,0.000926,0.006578,0.00291,0,0,0,0,0,0,0,0,0,0,0,0,0.0736,-0.0006,-0.081,-0.033,1,1,1,1
3,16,1,1,1,0,0.000926,0.006578,0.00291,0,0,0,0,0,0,0,0,0,0,0,0,0.0851,0.0033,-0.077,-0.027,1,1,1,1
3,21,1,1,1,0,0.002321,0.014809,0,0,0,0,0,0,0,0,0,0,0,0,0,0.1218,0,-0.1207,0,1,0,1,0
3,21,1,1,1,0,0.002304,0.014762,0,0,0,0,0,0,0,0,0,0,0,0,0,0.1066,0.0262,-0.1223,0,1,1,1,0
4,37,1,1,1,1,0.000926,0.088393,0,0,0,0,0,0,1.004348,0,0,0,0,0,0,0.73160004,0.0998,0,0,1,1,0,0
4,40,1,1,1,1,0.000964,0.08276,0,0,0,0,0,0,1.004348,0,0,0,0,0,0,0.75639999,0.0931,0,0,1,1,0,0
5,6,1,1,1,0,0.002287,0.011957,0.006653,0,0,0,0,0,0,0,0,0,0,0,0,-0.3082,-0.1179,0.3126,0.0759,1,1,1,1
5,6,1,1,1,0,0.002495,0.012684,0.006739,0,0,0,0,0,0,0,0,0,0,0,0,-0.3002,-0.1152,0.30809999,0.067,1,1,1,1
5,11,1,1,1,0,0.001015,0.005773,0.002572,0,0,0,0,0,0,0,0,0,0,0,0,0.24120001,-0.0509,-0.25950001,0,1,1,1,0
5,11,1,1,1,0,0.001032,0.005756,0.002572,0,0,0,0,0,0,0,0,0,0,0,0,0.24120001,-0.0536,-0.25950001,0.0279,1,1,1,1
5,12,1,1,1,0,0.001049,0.00696,0.003288,0,0,0,0,0,0,0,0,0,0,0,0,-0.61369999,-0.008,0.59400002,-0.0275,1,1,1,1
5,12,1,1,1,0,0.001129,0.007231,0.003288,0,0,0,0,0,0,0,0,0,0,0,0,-0.5923,0,0.57200001,-0.033,1,0,1,1
5,31,1,1,1,1,0.001834,0.055463,0,0,0,0,0,0,1.004348,0,0,0,0,0,0,0.65660004,0.1554,0,0,1,1,0,0
5,34,1,1,1,1,0.001834,0.053611,0,0,0,0,0,0,1.004348,0,0,0,0,0,0,0.64720001,0.1635,0,0,1,1,0,0
6,43,1,1,1,1,0.000983,0.075614,0,0,0,0,0,0,1.016304,0,0,0,0,0,0,0.59610001,0.0683,0,0,1,1,0,0
6,46,1,1,1,1,0.000964,0.074877,0,0,0,0,0,0,1.016304,0,0,0,0,0,0,0.59610001,0.0737,0,0,1,1,0,0
7,1,1,1,1,0,0.000915,0.006321,0.00373,0,0,0,0,0,0,0,0,0,0,0,0,0.53049999,0,-0.53049999,-0.0447,1,0,1,1
7,1,1,1,1,0,0.000832,0.006238,0.00359,0,0,0,0,0,0,0,0,0,0,0,0,0.5193,0,-0.5473,-0.0503,1,0,1,1
7,49,1,1,1,1,0.001078,0.082136,0,0,0,0,0,0,1.004348,0,0,0,0,0,0,-0.34849998,0.1541,0,0,1,1,0,0
7,55,1,1,1,1,0.001078,0.085274,0,0,0,0,0,0,1.004348,0,0,0,0,0,0,-0.3418,0.1313,0,0,1,1,0,0
9,10,1,1,1,0,0.001624,0.009682,0.002281,0,0,0,0,0,0,0,0,0,0,0,0,1.17419998,0.0658,-1.17910004,-0.1108,1,1,1,1
10,1,1,1,1,0,0.000858,0.00438,0.00503,0,0,0,0,0,0,0,0,0,0,0,0,1.02550003,0.1215,-1.02169998,-0.15,1,1,1,1
10,52,1,1,1,1,0.001021,0.08259,0,0,0,0,0,0,1.016304,0,0,0,0,0,0,0.16209999,0,0,0,1,0,0,0
11,17,1,1,1,0,0.0006,0.005566,0,0,0,0,0,0,0,0,0,0,0,0,0,-0.3126,0,0.33060001,-0.0402,1,0,1,1
13,14,1,1,1,0,0.001456,0.006843,0.003968,0,0,0,0,0,0,0,0,0,0,0,0,0.38970001,-0.0148,-0.40130001,-0.0049,1,1,1,1
13,60,1,1,1,1,0.000775,0.083648,0,0,0,0,0,0,0.9875,0,0,0,0,0,0,-0.40200001,0.0179,0,0,1,1,0,0
14,12,1,1,1,0,0.000662,0.004083,0.005026,0,0,0,0,0,0,0,0,0,0,0,0,-0.35560001,-0.0375,0.35560001,0.0375,1,1,1,1
14,12,1,1,1,0,0.000756,0.004083,0.005026,0,0,0,0,0,0,0,0,0,0,0,0,-0.38099998,-0.0295,0.38099998,0.0295,1,1,1,1
14,17,1,1,1,0,0.000578,0.005582,0.000064,0,0,0,0,0,0,0,0,0,0,0,0,0.56459999,-0.0246,-0.55169998,-0.0134,1,1,1,1
14,62,1,1,1,1,0.000926,0.07121,0,0,0,0,0,0,1.004348,0,0,0,0,0,0,0.56700001,0.1037,0,0,1,1,0,0
15,1,1,1,1,0,0.001418,0.011493,0.006083,0,0,0,0,0,0,0,0,0,0,0,0,1.05099998,0.115,-1.05019997,-0.15,1,1,1,1
15,9,1,1,1,0,0.000605,0.003573,0.001587,0,0,0,0,0,0,0,0,0,0,0,0,-1.17,-0.072,1.15470001,0.0463,1,1,1,1
15,65,1,1,1,1,0.001153,0.072514,0,0,0,0,0,0,1.016304,0,0,0,0,0,0,0.118,-0.042,0,0,1,1,0,0
16,2,1,1,1,0,0.001096,0.008904,0.004496,0,0,0,0,0,0,0,0,0,0,0,0,-0.58799999,-0.041,0.57619999,0,1,1,1,0
16,2,1,1,1,0,0.001096,0.008904,0.004496,0,0,0,0,0,0,0,0,0,0,0,0,-0.59099998,-0.028,0.5807,-0.0089,1,1,1,1
16,68,1,1,1,1,0.001285,0.079357,0,0,0,0,0,0,1.004348,0,0,0,0,0,0,0.60299999,0.12,0,0,1,1,0,0
17,72,1,1,1,1,0.0038,0.236824,0,0,0,0,0,0,0.992391,0,0,0,0,0,0,0.1354,0.0295,-0.1316,-0.0256,1,1,1,1
17,73,1,1,1,1,0.003705,0.235747,0,0,0,0,0,0,0.992391,0,0,0,0,0,0,0.1065,0.0268,-0.106,-0.0238,1,1,1,1
18,7,1,1,1,0,0.005331,0.030057,0.227782,0,0,0,0,0,0,0,0,0,0,0,0,0.38459999,-0.139,-0.38,-0.31,1,1,1,1
18,71,1,1,1,1,0.0001,0.001,0,0,0,0,0,0,1,0,0,0,0,0,0,-0.3823,0.1409,0.3834,-0.1194,1,1,1,1
19,20,1,1,1,0,0.011267,0.047259,0.00005,0,0,0,0,0,0,0,0,0,0,0,0,0.261,0.0009,-0.261,-0.0064,1,1,1,1
19,58,1,1,1,1,0.005671,0.188582,0,0,0,0,0,0,1.0125,0,0,0,0,0,0,-0.1316,0.0013,0.1316,0.0011,1,1,1,1
19,59,1,1,1,1,0.005671,0.188582,0,0,0,0,0,0,1.0125,0,0,0,0,0,0,-0.1235,-0.004,0.123,0.0069,1,1,1,1
20,60,1,1,1,1,0.000775,-0.006408,0,0,0,0,0,0,1,0,0,0,0,0,0,0.2632,0.0061,0,0,1,1,0,0
21,74,1,1,1,1,0.000769,0.079,0,0,0,0,0,0,1.016304,0,0,0,0,0,0,0.2602,0.0287,0,0,1,1,0,0
23,22,1,1,1,1,0.000057,-0.005482,0,0,0,0,0,0,1.052174,0,0,0,0,0,0,-0.2573,-0.0322,0,0,1,1,0,0
24,22,1,1,1,1,0.002268,0.052665,0,0,0,0,0,0,1.05,0,0,0,0,0,0,-0.1077,-0.0345,0,0,1,1,0,0
26,25,1,1,1,1,0.000926,-0.01225,0,0,0,0,0,0,1.052174,0,0,0,0,0,0,0.22370001,-0.0496,0,0,1,1,0,0
27,25,1,1,1,1,0.001456,0.079338,0,0,0,0,0,0,1.05,0,0,0,0,0,0,-0.1283,0.0081,0,0,1,1,0,0
29,28,1,1,1,1,0.000851,-0.01,0,0,0,0,0,0,1.052174,0,0,0,0,0,0,0.2291,-0.0295,0,0,1,1,0,0
30,28,1,1,1,1,0.002628,0.073289,0,0,0,0,0,0,1.05,0,0,0,0,0,0,-0.1315,-0.0459,0,0,1,1,0,0
32,31,1,1,1,1,0.000032,-0.003251,0,0,0,0,0,0,1.052174,0,0,0,0,0,0,-0.4784,-0.0777,0,0,1,1,0,0
33,31,1,1,1,1,0.001531,0.040019,0,0,0,0,0,0,1.05,0,0,0,0,0,0,-0.17969999,-0.0414,0,0,1,1,0,0
35,34,1,1,1,1,0.000032,-0.003214,0,0,0,0,0,0,1.052174,0,0,0,0,0,0,-0.49310001,-0.0898,0,0,1,1,0,0
36,34,1,1,1,1,0.001531,0.043535,0,0,0,0,0,0,1.05,0,0,0,0,0,0,-0.1499,-0.0378,0,0,1,1,0,0
38,37,1,1,1,1,0.000832,-0.007051,0,0,0,0,0,0,1,0,0,0,0,0,0,-0.66459999,-0.073,0,0,1,1,0,0
39,37,1,1,1,1,0.001229,0.052325,0,0,0,0,0,0,1.05,0,0,0,0,0,0,-0.066,0.0231,0,0,1,1,0,0
41,40,1,1,1,1,0.000756,-0.005255,0,0,0,0,0,0,1,0,0,0,0,0,0,-0.69339996,0,0,0,1,0,0,0
42,40,1,1,1,1,0.000907,0.059868,0,0,0,0,0,0,1.05,0,0,0,0,0,0,-0.0634,-0.017,0,0,1,1,0,0
44,43,1,1,1,1,0.000605,-0.00603,0,0,0,0,0,0,1,0,0,0,0,0,0,-0.34290001,-0.0201,0,0,1,1,0,0
45,43,1,1,1,1,0.001172,0.052439,0,0,0,0,0,0,1.05,0,0,0,0,0,0,-0.24809999,-0.0058,0,0,1,1,0,0
47,46,1,1,1,1,0.000643,-0.0062,0,0,0,0,0,0,1,0,0,0,0,0,0,-0.40189999,-0.0241,0,0,1,1,0,0
48,46,1,1,1,1,0.001153,0.052193,0,0,0,0,0,0,1.05,0,0,0,0,0,0,-0.19360001,-0.0055,0,0,1,1,0,0
50,49,1,1,1,1,0.000851,-0.006578,0,0,0,0,0,0,1,0,0,0,0,0,0,0.39939999,-0.1313,0,0,1,1,0,0
51,49,1,1,1,1,0.001229,0.054688,0,0,0,0,0,0,1.05,0,0,0,0,0,0,-0.0497,-0.0143,0,0,1,1,0,0
53,52,1,1,1,1,0.00087,-0.006578,0,0,0,0,0,0,1,0,0,0,0,0,0,-0.1061,0.0279,0,0,1,1,0,0
54,52,1,1,1,1,0.001229,0.049471,0,0,0,0,0,0,1.05,0,0,0,0,0,0,-0.057,-0.0185,0,0,1,1,0,0
56,55,1,1,1,1,0.001267,-0.005728,0,0,0,0,0,0,1,0,0,0,0,0,0,0.33860001,-0.126,0,0,1,1,0,0
57,55,1,1,1,1,0.001002,0.056824,0,0,0,0,0,0,1.05,0,0,0,0,0,0,0,0,0,0,0,0,0,0
61,60,1,1,1,1,0.001002,0.055803,0,0,0,0,0,0,1,0,0,0,0,0,0,0.1413,-0.009,0,0,1,1,0,0
63,62,1,1,1,1,0.000756,-0.005803,0,0,0,0,0,0,1,0,0,0,0,0,0,-0.5241,-0.062,0,0,1,1,0,0
64,62,1,1,1,1,0.001191,0.051342,0,0,0,0,0,0,1.05,0,0,0,0,0,0,-0.0416,-0.0169,0,0,1,1,0,0
66,65,1,1,1,1,0.000208,-0.000132,0,0,0,0,0,0,1,0,0,0,0,0,0,-0.098,0.047,0,0,1,1,0,0
67,65,1,1,1,1,0.004556,0.187183,0,0,0,0,0,0,1.05,0,0,0,0,0,0,-0.022,-0.004,0,0,1,1,0,0
69,68,1,1,1,1,0.000208,-0.000189,0,0,0,0,0,0,1,0,0,0,0,0,0,-0.45099998,-0.18700001,0,0,1,1,0,0
70,68,1,1,1,1,0.005028,0.204537,0,0,0,0,0,0,1.05,0,0,0,0,0,0,-0.146,0.104,0,0,1,1,0,0
75,74,1,1,1,1,0.006084,-0.002223,0,0,0,0,0,0,1,0,0,0,0,0,0,-0.2602,-0.0211,0,0,1,1,0,0
76,74,1,1,1,1,0.00023,0.212333,0,0,0,0,0,0,1.1,0,0,0,0,0,0,-0.0015,-0.0021,0,0,1,1,0,0
